tanggal,tinggi_pasut,u_arus,v_arus,mag_arus,Hs_gelombang,Tp_gelombang,kec_angin,angin_sin,angin_cos,curah_hujan,bulan_sin,bulan_cos,minggu_sin,minggu_cos,konsentrasi_plastik
2020-01-05,0.9474,0.21752,0.30564,0.40065999999999996,1.2082000000000002,6.2219999999999995,7.162000000000001,-0.68896,0.5935400000000001,2.98,0.5,0.866,0.0,1.0,326.752
2020-01-12,0.20657142857142857,-0.21825714285714287,-0.09630000000000001,0.28861428571428577,1.2354285714285713,6.5200000000000005,7.174285714285714,-0.49651428571428574,0.7732142857142856,21.41,0.5,0.866,0.0,1.0,346.95714285714286
2020-01-19,0.019142857142857145,0.2492142857142857,0.2205285714285714,0.3624714285714286,1.1421428571428571,6.0042857142857144,6.8428571428571425,-0.6986,0.6060714285714285,8.06,0.5,0.866,0.1205,0.9927,322.8328571428571
2020-01-26,-0.3707142857142857,-0.20615714285714287,-0.06391428571428572,0.27399999999999997,1.1734285714285715,6.277142857142857,7.054285714285714,-0.5449571428571429,0.7431571428571428,39.08,0.5,0.866,0.2393,0.9709,387.49285714285713
2020-02-02,-0.23442857142857143,0.25544285714285714,0.14915714285714285,0.34752857142857146,1.2208571428571429,6.032857142857142,6.975714285714285,-0.6721571428571428,0.6848285714285715,13.01,0.6045714285714286,0.7614285714285715,0.3546,0.935,346.41285714285715
2020-02-09,0.6817142857142857,-0.13482857142857144,-0.039985714285714284,0.24659999999999999,1.1608571428571428,6.285714285714286,7.32,-0.5526857142857142,0.7080142857142857,2.91,0.866,0.5,0.4647,0.8855,236.56571428571428
2020-02-16,-0.3307142857142858,0.2787857142857143,0.10678571428571429,0.3536714285714285,1.2064285714285714,6.138571428571429,6.735714285714286,-0.5203142857142857,0.7873142857142856,44.43,0.866,0.5,0.5681,0.823,342.7457142857143
2020-02-23,0.14671428571428574,-0.1019,0.013428571428571429,0.25357142857142856,1.248,6.414285714285714,7.408571428571428,-0.7433142857142857,0.5894428571428572,25.25,0.866,0.5,0.6631,0.7485,320.69428571428574
2020-03-01,-0.7902857142857143,0.20102857142857142,-0.007314285714285713,0.3263857142857143,1.1985714285714286,6.152857142857143,6.772857142857142,-0.8711,0.36757142857142855,4.78,0.8851428571428571,0.42857142857142855,0.7485,0.6631,328.3385714285714
2020-03-08,1.0611428571428572,-0.03458571428571429,0.09412857142857144,0.2982571428571429,1.2198571428571428,6.314285714285715,6.957142857142857,-0.5396571428571428,0.7529714285714286,26.53,1.0,0.0,0.823,0.5681,247.80285714285714
2020-03-15,-0.5204285714285714,0.17322857142857143,-0.05845714285714286,0.3129571428571429,1.1747142857142858,6.251428571428571,7.025714285714286,-0.6917571428571428,0.6158,39.31,1.0,0.0,0.8855,0.4647,321.12
2020-03-22,0.4687142857142857,0.01122857142857143,0.1331857142857143,0.3076857142857143,1.2158571428571427,6.318571428571429,6.978571428571429,-0.6433,0.7562428571428572,9.989999999999998,1.0,0.0,0.935,0.3546,237.85285714285715
2020-03-29,-1.092142857142857,0.07705714285714285,-0.13822857142857142,0.3385285714285714,1.1902857142857144,6.367142857142857,7.088571428571428,-0.5468714285714286,0.8007714285714285,50.37,1.0,0.0,0.9709,0.2393,385.24571428571426
2020-04-05,1.0631428571428572,0.11957142857142856,0.14409999999999998,0.30982857142857145,0.921,5.818571428571429,4.9314285714285715,0.2638857142857143,-0.3529428571428571,20.39,0.9042857142857142,-0.35714285714285715,0.9927,0.1205,204.17285714285714
2020-04-12,-0.4574285714285714,0.010457142857142856,-0.18075714285714287,0.3210285714285715,0.6818571428571428,5.61,3.922857142857143,0.6253285714285715,-0.6806428571428571,31.380000000000003,0.866,-0.5,1.0,-0.0,293.8257142857143
2020-04-19,0.5207142857142857,0.17015714285714287,0.1533571428571429,0.3012,0.7221428571428571,5.502857142857144,3.8728571428571428,0.688557142857143,-0.6837428571428571,23.2,0.866,-0.5,0.9927,-0.1205,223.93285714285713
2020-04-26,-1.017,-0.07310000000000001,-0.2142,0.3093285714285714,0.714857142857143,5.928571428571429,4.22,0.6651999999999999,-0.6077428571428571,9.26,0.866,-0.5,0.9709,-0.2393,325.9814285714286
2020-05-03,0.7314285714285714,0.2210857142857143,0.1470142857142857,0.31510000000000005,0.7034285714285715,5.71,3.8871428571428575,0.8470142857142857,-0.3773571428571429,0.0,0.7091428571428572,-0.6568571428571428,0.935,-0.3546,220.21
2020-05-10,-0.084,-0.11724285714285713,-0.22575714285714285,0.30481428571428576,0.7637142857142857,5.557142857142857,4.37,0.6415142857142857,-0.6806,4.44,0.5,-0.866,0.8855,-0.4647,284.8157142857143
2020-05-17,0.2562857142857143,0.2498857142857143,0.14420000000000002,0.31588571428571427,0.7307142857142858,5.975714285714285,4.24,0.7690142857142857,-0.5164285714285715,3.3400000000000003,0.5,-0.866,0.823,-0.5681,272.8457142857143
2020-05-24,-0.6388571428571428,-0.1827,-0.22364285714285717,0.3193428571428571,0.6968571428571428,5.8028571428571425,4.034285714285715,0.7835857142857143,-0.49755714285714286,18.44,0.5,-0.866,0.7485,-0.6631,341.2371428571428
2020-05-31,0.12671428571428572,0.2803714285714286,0.09108571428571428,0.3249714285714286,0.6865714285714286,5.51,4.101428571428571,0.5583857142857143,-0.7706571428571429,0.0,0.5,-0.866,0.6631,-0.7485,295.9171428571429
2020-06-07,0.4415714285714286,-0.20594285714285715,-0.18095714285714284,0.30379999999999996,0.768,6.134285714285714,4.0128571428571425,0.8097428571428571,-0.5336428571428572,7.25,0.0,-1.0,0.5681,-0.823,251.94714285714286
2020-06-14,-0.10414285714285713,0.27135714285714285,0.07364285714285713,0.32758571428571426,0.6828571428571429,5.645714285714285,4.565714285714286,0.5493714285714286,-0.7526857142857143,16.6,0.0,-1.0,0.4647,-0.8855,338.73
2020-06-21,-0.11599999999999998,-0.1786,-0.14395714285714287,0.29915714285714284,0.6842857142857143,5.781428571428571,4.042857142857143,0.7532142857142857,-0.5676857142857142,0.0,0.0,-1.0,0.3546,-0.935,324.4985714285714
2020-06-28,-0.4762857142857143,0.21385714285714283,-0.017371428571428572,0.30332857142857145,0.7175714285714285,5.284285714285715,4.272857142857143,0.7142571428571429,-0.657,0.0,0.0,-1.0,0.2393,-0.9709,348.6985714285714
2020-07-05,0.9029999999999999,-0.17198571428571427,-0.06812857142857141,0.28282857142857143,0.7028571428571428,5.554285714285714,4.215714285714286,0.5503142857142856,-0.6577428571428572,0.0,-0.35714285714285715,-0.9042857142857142,0.1205,-0.9927,276.18142857142857
2020-07-12,-0.46228571428571424,0.16988571428571428,-0.059428571428571435,0.32980000000000004,0.7211428571428572,5.925714285714285,4.091428571428572,0.7950857142857143,-0.5320857142857143,7.290000000000001,-0.5,-0.866,-0.0,-1.0,404.5357142857143
2020-07-19,0.32471428571428573,-0.13785714285714287,-0.03111428571428571,0.3049142857142857,0.7288571428571429,5.911428571428572,4.272857142857143,0.7498285714285714,-0.6167,8.49,-0.5,-0.866,-0.1205,-0.9927,330.2885714285714
2020-07-26,-0.9677142857142857,0.06015714285714286,-0.12392857142857143,0.3055,0.6699999999999999,5.224285714285714,3.9371428571428573,0.3713,-0.8471428571428571,15.21,-0.5,-0.866,-0.2393,-0.9709,423.0514285714286
2020-08-02,1.1622857142857141,-0.08477142857142858,0.03777142857142857,0.2938428571428572,0.72,5.532857142857142,3.9299999999999997,0.6921571428571429,-0.6925285714285714,0.0,-0.6045714285714286,-0.7614285714285715,-0.3546,-0.935,299.2242857142857
2020-08-09,-0.5281428571428571,-0.017971428571428576,-0.17177142857142855,0.33875714285714287,0.721,5.982857142857142,4.4071428571428575,0.8044428571428571,-0.5095,11.790000000000001,-0.866,-0.5,-0.4647,-0.8855,415.78285714285715
2020-08-16,0.5158571428571428,-0.03358571428571429,0.10811428571428572,0.29868571428571433,0.6851428571428572,5.6971428571428575,4.131428571428572,0.6181571428571428,-0.7618999999999999,8.870000000000001,-0.866,-0.5,-0.5681,-0.823,358.3314285714286
2020-08-23,-1.090142857142857,-0.11624285714285716,-0.21798571428571428,0.32989999999999997,0.7527142857142858,6.211428571428572,4.295714285714285,0.5754714285714285,-0.6998857142857142,3.8600000000000003,-0.866,-0.5,-0.6631,-0.7485,472.9042857142857
2020-08-30,0.9421428571428571,0.035042857142857146,0.12238571428571428,0.27568571428571426,0.6808571428571428,5.727142857142858,4.395714285714286,0.6062714285714286,-0.7287285714285714,4.32,-0.866,-0.5,-0.7485,-0.6631,337.86428571428576
2020-09-06,-0.30542857142857144,-0.18634285714285714,-0.21857142857142858,0.3359857142857143,0.7782857142857144,5.832857142857143,4.215714285714285,0.5335571428571428,-0.7776142857142857,55.11,-0.9808571428571428,-0.07142857142857142,-0.823,-0.5681,476.06
2020-09-13,0.44042857142857145,0.0891,0.14882857142857145,0.28378571428571425,0.6924285714285714,5.632857142857143,4.007142857142857,0.5611,-0.7273428571428572,7.69,-1.0,0.0,-0.8855,-0.4647,372.36857142857144
2020-09-20,-0.9118571428571428,-0.2599571428571429,-0.21439999999999998,0.36378571428571427,0.7342857142857142,5.637142857142857,4.182857142857143,0.5798714285714286,-0.6807,21.23,-1.0,0.0,-0.935,-0.3546,516.1671428571428
2020-09-27,0.47428571428571425,0.13642857142857143,0.17291428571428571,0.28271428571428575,0.7838571428571429,5.767142857142858,4.102857142857142,0.6806857142857143,-0.6011285714285715,7.6899999999999995,-1.0,0.0,-0.9709,-0.2393,379.1742857142857
2020-10-04,0.141,-0.29182857142857144,-0.15748571428571428,0.3467571428571428,0.7637142857142857,5.644285714285714,4.3028571428571425,0.6312428571428572,-0.5935428571428571,1.13,-0.9234285714285715,0.2857142857142857,-0.9927,-0.1205,427.0228571428571
2020-10-11,0.11571428571428573,0.1516142857142857,0.15692857142857145,0.25465714285714286,0.6898571428571428,5.707142857142857,4.180000000000001,0.7835857142857143,-0.5383571428571429,0.85,-0.866,0.5,-1.0,-0.0,387.90285714285716
2020-10-18,-0.42357142857142854,-0.3031142857142857,-0.11707142857142858,0.3484142857142857,0.724,5.477142857142858,4.207142857142857,0.5308142857142857,-0.7660571428571429,15.52,-0.866,0.5,-0.9927,0.1205,456.2042857142857
2020-10-25,-0.15799999999999997,0.14185714285714285,0.13440000000000002,0.2688714285714286,0.6925714285714285,5.575714285714286,4.3,0.7431428571428571,-0.6286857142857143,13.830000000000002,-0.866,0.5,-0.9709,0.2393,426.5028571428571
2020-11-01,0.6747142857142857,-0.25097142857142857,-0.044471428571428565,0.3264714285714286,0.8051428571428572,5.8914285714285715,4.602857142857142,0.3768142857142857,-0.5857857142857144,6.04,-0.8137142857142857,0.5522857142857143,-0.935,0.3546,385.6828571428572
2020-11-08,-0.26571428571428574,0.13874285714285714,0.09634285714285715,0.2847142857142857,1.1855714285714285,6.461428571428571,6.83,-0.7245857142857143,0.5516571428571428,3.41,-0.5,0.866,-0.8855,0.4647,424.2214285714286
2020-11-15,0.12842857142857142,-0.24732857142857143,0.006557142857142849,0.3504285714285714,1.2128571428571429,6.488571428571428,6.9957142857142856,-0.7604142857142857,0.5439857142857143,19.28,-0.5,0.866,-0.823,0.5681,428.15857142857146
2020-11-22,-0.7528571428571428,0.07978571428571428,0.03594285714285713,0.2606428571428571,1.164,6.424285714285714,6.747142857142857,-0.6827428571428572,0.6614857142857142,3.07,-0.5,0.866,-0.7485,0.6631,449.63428571428574
2020-11-29,1.0414285714285714,-0.17537142857142857,0.1038142857142857,0.3480142857142857,1.1875714285714287,6.232857142857143,7.007142857142857,-0.6125285714285714,0.7104142857142858,8.969999999999999,-0.5,0.866,-0.6631,0.7485,337.5828571428571
2020-12-06,-0.5252857142857142,0.04644285714285713,-0.01645714285714286,0.2928,1.1828571428571428,6.281428571428571,7.071428571428571,-0.4509285714285714,0.7314714285714287,16.63,-0.07142857142857142,0.9808571428571428,-0.5681,0.823,424.2114285714286
2020-12-13,0.43642857142857144,-0.08841428571428571,0.16281428571428572,0.33777142857142856,1.1255714285714287,6.3,7.122857142857143,-0.7271285714285715,0.5384714285714286,14.979999999999999,0.0,1.0,-0.4647,0.8855,380.4614285714286
2020-12-20,-1.072,-0.019699999999999995,-0.055028571428571434,0.2860142857142857,1.2077142857142857,6.340000000000001,7.151428571428572,-0.4126142857142857,0.8009571428571428,13.659999999999998,0.0,1.0,-0.3546,0.935,456.35857142857145
2020-12-27,1.088142857142857,-0.0004857142857142877,0.2068,0.3590714285714286,1.205857142857143,6.505714285714285,7.132857142857143,-0.6917571428571428,0.5776571428571428,12.86,0.0,1.0,-0.2393,0.9709,308.12
2021-01-03,-0.4577142857142857,-0.06700000000000002,-0.09472857142857143,0.2705285714285714,1.182857142857143,6.557142857142857,7.085714285714286,-0.6034285714285714,0.7195142857142857,29.35,0.21428571428571427,0.9425714285714285,-0.1205,0.9927,410.07428571428574
2021-01-10,0.544,0.11067142857142856,0.2267142857142857,0.3348285714285714,1.1555714285714287,6.038571428571428,6.817142857142857,-0.42628571428571427,0.8561714285714286,10.09,0.5,0.866,0.0,1.0,298.67
2021-01-17,-1.0512857142857144,-0.10805714285714285,-0.13272857142857142,0.2681142857142857,1.1912857142857143,6.5928571428571425,7.151428571428572,-0.4944571428571428,0.8224142857142857,28.67,0.5,0.866,0.1205,0.9927,418.10857142857145
2021-01-24,0.7821428571428571,0.16484285714285712,0.24062857142857144,0.3472142857142857,1.1764285714285714,6.3,6.727142857142858,-0.6445142857142858,0.5950714285714286,21.06,0.5,0.866,0.2393,0.9709,286.60714285714283
2021-01-31,-0.12742857142857142,-0.13714285714285715,-0.11734285714285715,0.24517142857142857,1.195142857142857,6.3185714285714285,6.8914285714285715,-0.4371714285714286,0.8310142857142857,9.780000000000001,0.5,0.866,0.3546,0.935,322.8542857142857
2021-02-07,0.29642857142857143,0.2673,0.23322857142857142,0.38330000000000003,1.1762857142857144,6.457142857142857,7.244285714285715,-0.6913,0.6323,51.24,0.866,0.5,0.4647,0.8855,326.2142857142857
2021-02-14,-0.6802857142857143,-0.16681428571428572,-0.1255,0.2639285714285714,1.2104285714285716,6.2457142857142856,6.732857142857143,-0.7878857142857143,0.5635142857142857,16.96,0.866,0.5,0.5681,0.823,333.5514285714286
2021-02-21,0.188,0.2844285714285714,0.2003714285714286,0.3679428571428572,1.2832857142857144,6.477142857142858,7.072857142857143,-0.6023,0.7646571428571428,6.1,0.866,0.5,0.6631,0.7485,294.26142857142855
2021-02-28,0.4372857142857143,-0.1682142857142857,-0.10122857142857143,0.2690142857142857,1.175,6.505714285714285,6.954285714285715,-0.5758428571428571,0.7556857142857142,21.92,0.866,0.5,0.7485,0.6631,273.68285714285713
2021-03-07,-0.10457142857142857,0.3022571428571429,0.15389999999999998,0.3705,1.228142857142857,6.5042857142857144,6.894285714285714,-0.6470714285714286,0.6716142857142857,27.490000000000002,1.0,0.0,0.823,0.5681,296.6871428571429
2021-03-14,-0.15899999999999997,-0.15394285714285716,-0.057128571428571424,0.2577857142857143,1.1927142857142858,6.47,6.841428571428572,-0.6579857142857143,0.6741285714285714,26.28,1.0,0.0,0.8855,0.4647,307.6742857142857
2021-03-21,-0.47800000000000004,0.2972714285714286,0.06248571428571429,0.3637714285714286,1.2221428571428572,6.632857142857143,6.997142857142857,-0.7468857142857143,0.6024428571428572,25.919999999999998,1.0,0.0,0.935,0.3546,316.0414285714286
2021-03-28,0.8518571428571429,-0.12268571428571429,-0.05207142857142858,0.2898714285714286,1.1617142857142857,6.351428571428571,6.941428571428572,-0.7374714285714286,0.6163285714285714,6.07,1.0,0.0,0.9709,0.2393,240.99142857142857
2021-04-04,-0.44557142857142856,0.26175714285714285,0.002371428571428576,0.34674285714285713,0.8535714285714286,5.935714285714285,5.368571428571428,0.14381428571428573,-0.11027142857142858,16.03,0.9234285714285715,-0.2857142857142857,0.9927,0.1205,288.62285714285713
2021-04-11,0.31157142857142855,-0.08092857142857143,0.025242857142857147,0.28481428571428574,0.7532857142857142,5.662857142857143,4.0371428571428565,0.5441142857142858,-0.6173428571428571,6.36,0.866,-0.5,1.0,-0.0,229.64714285714285
2021-04-18,-0.9701428571428572,0.18937142857142858,-0.05740000000000001,0.32298571428571426,0.6901428571428571,5.594285714285715,3.988571428571429,0.7256428571428571,-0.5110714285714286,0.0,0.866,-0.5,0.9927,-0.1205,312.6028571428572
2021-04-25,1.1505714285714286,0.009442857142857133,0.06074285714285715,0.27168571428571425,0.7241428571428571,5.488571428571428,4.352857142857142,0.5826428571428571,-0.6813285714285715,7.949999999999999,0.866,-0.5,0.9709,-0.2393,196.24714285714285
2021-05-02,-0.576,0.10802857142857143,-0.12507142857142858,0.31727142857142854,0.8112857142857143,5.9471428571428575,4.432857142857143,0.7288714285714286,-0.6029571428571429,4.32,0.7614285714285715,-0.6045714285714286,0.935,-0.3546,309.7714285714286
2021-05-09,0.5589999999999999,0.07605714285714285,0.10465714285714287,0.30169999999999997,0.6874285714285715,5.887142857142857,4.014285714285714,0.8254,-0.4773428571428572,1.21,0.5,-0.866,0.8855,-0.4647,229.54857142857145
2021-05-16,-1.1114285714285714,0.020342857142857138,-0.1886857142857143,0.33091428571428566,0.6858571428571428,5.612857142857143,4.097142857142857,0.6686,-0.6218428571428571,16.849999999999998,0.5,-0.866,0.823,-0.5681,360.4757142857143
2021-05-23,0.9615714285714285,0.15784285714285715,0.11957142857142856,0.2897857142857143,0.7902857142857143,5.8500000000000005,3.9314285714285715,0.7852142857142858,-0.5514428571428571,20.88,0.5,-0.866,0.7485,-0.6631,249.1614285714286
2021-05-30,-0.3508571428571429,-0.08358571428571429,-0.22462857142857143,0.31352857142857143,0.7237142857142856,5.664285714285714,4.032857142857143,0.6543857142857143,-0.5785142857142856,0.0,0.5,-0.866,0.6631,-0.7485,297.4585714285714
2021-06-06,0.4362857142857143,0.19988571428571428,0.16137142857142855,0.3144571428571429,0.7107142857142856,5.521428571428571,4.1814285714285715,0.6764857142857144,-0.5302428571428571,4.92,0.07142857142857142,-0.9808571428571428,0.5681,-0.823,255.88285714285715
2021-06-13,-0.9415714285714285,-0.15128571428571427,-0.24954285714285712,0.3514285714285714,0.7241428571428571,5.698571428571428,4.255714285714285,0.6727285714285715,-0.5881142857142857,0.0,0.0,-1.0,0.4647,-0.8855,362.1028571428571
2021-06-20,0.5025714285714286,0.24371428571428572,0.12528571428571428,0.2956142857142857,0.7015714285714285,5.32,3.744285714285714,0.5583571428571429,-0.6343571428571428,4.59,0.0,-1.0,0.3546,-0.935,274.64285714285717
2021-06-27,0.11457142857142856,-0.20657142857142857,-0.2489142857142857,0.34397142857142854,0.7181428571428572,5.791428571428571,3.937142857142857,0.7477714285714285,-0.5623428571428571,0.0,0.0,-1.0,0.2393,-0.9709,307.05571428571426
2021-07-04,0.10785714285714287,0.21117142857142857,0.11337142857142857,0.2806571428571428,0.7127142857142857,5.6814285714285715,3.9499999999999997,0.6412714285714286,-0.6104571428571429,0.0,-0.2857142857142857,-0.9234285714285715,0.1205,-0.9927,301.5442857142857
2021-07-11,-0.4511428571428572,-0.263,-0.20475714285714286,0.3608857142857143,0.7331428571428571,5.8999999999999995,3.8971428571428572,0.6723714285714285,-0.6643714285714285,0.0,-0.5,-0.866,-0.0,-1.0,387.43142857142857
2021-07-18,-0.08285714285714287,0.20429999999999998,0.05007142857142858,0.2691571428571429,0.7487142857142857,5.734285714285714,3.934285714285714,0.6915142857142857,-0.5892428571428571,18.189999999999998,-0.5,-0.866,-0.1205,-0.9927,377.15000000000003
2021-07-25,0.5974285714285715,-0.25129999999999997,-0.16117142857142858,0.34262857142857145,0.722857142857143,5.408571428571428,4.152857142857143,0.5191428571428571,-0.7675714285714286,0.0,-0.5,-0.866,-0.2393,-0.9709,346.03000000000003
2021-08-01,-0.26657142857142857,0.1869,0.0013571428571428584,0.2885,0.7098571428571427,5.4557142857142855,4.378571428571428,0.5189,-0.7675142857142857,0.0,-0.5522857142857143,-0.8137142857142857,-0.3546,-0.935,375.54285714285714
2021-08-08,0.09771428571428574,-0.2403142857142857,-0.0717,0.3496714285714286,0.7157142857142856,5.818571428571429,4.217142857142857,0.8803142857142857,-0.4358857142857143,17.05,-0.866,-0.5,-0.4647,-0.8855,411.7528571428571
2021-08-15,-0.7232857142857142,0.11587142857142858,-0.04352857142857142,0.2844285714285714,0.6822857142857143,5.3999999999999995,4.624285714285714,0.7285571428571428,-0.5610857142857143,21.17,-0.866,-0.5,-0.5681,-0.823,448.47285714285715
2021-08-22,1.012,-0.2173285714285714,-0.016885714285714285,0.3402,0.6944285714285714,5.701428571428571,4.182857142857143,0.5733142857142858,-0.7685428571428572,0.0,-0.866,-0.5,-0.6631,-0.7485,357.9628571428571
2021-08-29,-0.48,0.054728571428571425,-0.08455714285714287,0.29737142857142856,0.7697142857142857,5.798571428571429,4.0371428571428565,0.5902285714285714,-0.7339285714285715,3.24,-0.866,-0.5,-0.7485,-0.6631,440.3157142857143
2021-09-05,0.42514285714285716,-0.14662857142857147,0.034242857142857144,0.3028142857142857,0.7620000000000001,5.208571428571429,4.178571428571429,0.6212428571428571,-0.7666142857142857,3.93,-0.9617142857142857,-0.14285714285714285,-0.823,-0.5681,396.5185714285714
2021-09-12,-1.0442857142857143,-0.02654285714285714,-0.12482857142857141,0.29165714285714284,0.6667142857142857,5.521428571428571,4.328571428571428,0.6781714285714285,-0.6137142857142858,68.34,-1.0,0.0,-0.8855,-0.4647,482.26142857142855
2021-09-19,1.1237142857142859,-0.0884,0.12892857142857145,0.3396142857142857,0.7405714285714285,5.451428571428571,3.9842857142857144,0.5109428571428571,-0.8123857142857143,0.0,-1.0,0.0,-0.935,-0.3546,353.1257142857143
2021-09-26,-0.48614285714285715,-0.12717142857142857,-0.14647142857142859,0.32367142857142855,0.7747142857142857,5.38,3.9057142857142857,0.6024142857142857,-0.6486857142857143,3.22,-1.0,0.0,-0.9709,-0.2393,456.7785714285714
2021-10-03,0.5118571428571429,0.0010571428571428596,0.17391428571428572,0.29732857142857144,0.7017142857142857,5.521428571428571,4.0,0.7540714285714286,-0.5143142857142857,1.61,-0.9425714285714285,0.21428571428571427,-0.9927,-0.1205,356.7657142857143
2021-10-10,-1.0991428571428572,-0.20635714285714288,-0.1853,0.33367142857142856,0.713,5.53,4.05,0.8482285714285714,-0.4820857142857143,9.18,-0.866,0.5,-1.0,-0.0,501.76142857142855
2021-10-17,0.8488571428571429,0.07378571428571427,0.2031,0.30852857142857143,0.7108571428571429,5.401428571428572,4.188571428571429,0.4474,-0.8210857142857143,1.98,-0.866,0.5,-0.9927,0.1205,359.0142857142857
2021-10-24,-0.16985714285714287,-0.27578571428571425,-0.16264285714285714,0.33664285714285713,0.7611428571428572,5.7542857142857144,4.658571428571428,0.6822999999999999,-0.7035142857142856,5.39,-0.866,0.5,-0.9709,0.2393,404.32142857142856
2021-10-31,0.31314285714285717,0.14541428571428572,0.21301428571428574,0.3107428571428571,0.7822857142857143,5.837142857142857,4.038571428571428,0.5729428571428572,-0.7064,16.509999999999998,-0.866,0.5,-0.935,0.3546,423.07714285714286
2021-11-07,-0.7591428571428571,-0.2689714285714286,-0.14665714285714285,0.33849999999999997,1.2088571428571429,6.607142857142857,7.161428571428572,-0.7084142857142857,0.6164571428571428,9.26,-0.5,0.866,-0.8855,0.4647,470.7114285714286
2021-11-14,0.2734285714285714,0.15992857142857142,0.22014285714285714,0.31598571428571426,1.199,6.454285714285715,7.031428571428571,-0.6818000000000001,0.6266285714285714,3.16,-0.5,0.866,-0.823,0.5681,399.29285714285714
2021-11-21,0.3404285714285714,-0.28795714285714286,-0.09742857142857143,0.33470000000000005,1.1617142857142857,6.488571428571428,6.935714285714285,-0.6486999999999999,0.7280142857142857,31.450000000000003,-0.5,0.866,-0.7485,0.6631,410.96999999999997
2021-11-28,-0.04814285714285712,0.18354285714285715,0.1645285714285714,0.28435714285714286,1.1744285714285714,6.267142857142858,6.748571428571429,-0.6769714285714287,0.5488,26.580000000000002,-0.5,0.866,-0.6631,0.7485,431.0257142857143
2021-12-05,-0.22842857142857143,-0.2784142857142857,-0.041371428571428566,0.33502857142857145,1.1647142857142858,6.478571428571429,6.92,-0.6656285714285713,0.5966857142857143,23.189999999999998,-0.14285714285714285,0.9617142857142857,-0.5681,0.823,414.5457142857143
2021-12-12,-0.39885714285714285,0.18862857142857142,0.12014285714285713,0.29147142857142855,1.1817142857142857,6.622857142857143,6.7057142857142855,-0.7597428571428572,0.5234428571428571,11.65,0.0,1.0,-0.4647,0.8855,434.9585714285714
2021-12-19,0.8377142857142857,-0.21872857142857144,0.014871428571428567,0.3246428571428571,1.1995714285714285,6.0042857142857144,7.247142857142857,-0.6461142857142858,0.7309428571428571,17.8,0.0,1.0,-0.3546,0.935,321.87142857142857
2021-12-26,-0.41057142857142853,0.1756,0.07118571428571428,0.3043142857142857,1.2285714285714284,6.339999999999999,6.911428571428572,-0.6291,0.7389428571428571,43.870000000000005,0.0,1.0,-0.2393,0.9709,436.1328571428571
2022-01-02,0.25485714285714284,-0.15802857142857143,0.07212857142857143,0.3292285714285715,1.1727142857142856,6.312857142857142,6.7299999999999995,-0.6995571428571429,0.5682428571428572,2.9200000000000004,0.14285714285714285,0.9617142857142857,-0.1205,0.9927,333.9185714285714
2022-01-09,-0.8888571428571429,0.12018571428571427,0.010714285714285707,0.30024285714285714,1.1335714285714287,6.715714285714285,7.025714285714286,-0.7049000000000001,0.5112285714285714,21.91,0.5,0.866,0.0,1.0,419.7457142857143
2022-01-16,1.071,-0.04744285714285714,0.13168571428571427,0.3056142857142857,1.2032857142857143,6.671428571428572,7.457142857142857,-0.5745714285714286,0.7234571428571429,0.0,0.5,0.866,0.1205,0.9927,283.82714285714286
2022-01-23,-0.5688571428571428,0.06708571428571429,-0.04342857142857143,0.3000714285714286,1.2298571428571428,6.4799999999999995,6.972857142857143,-0.6144714285714287,0.6924,0.0,0.5,0.866,0.2393,0.9709,342.78285714285715
2022-01-30,0.5284285714285715,0.026528571428571433,0.19497142857142857,0.3348285714285714,1.125714285714286,6.18,7.191428571428571,-0.7000000000000001,0.6340571428571428,17.57,0.5,0.866,0.3546,0.935,329.31
2022-02-06,-1.077,0.016457142857142854,-0.0935,0.27222857142857143,1.1627142857142856,6.317142857142857,6.945714285714286,-0.5403142857142857,0.7581714285714286,46.5,0.8137142857142857,0.5522857142857143,0.4647,0.8855,401.9957142857143
2022-02-13,1.0372857142857144,0.12338571428571429,0.22317142857142858,0.3451,1.1807142857142858,6.215714285714285,6.880000000000001,-0.5310714285714285,0.6754428571428571,10.26,0.866,0.5,0.5681,0.823,255.09285714285716
2022-02-20,-0.39171428571428574,-0.05948571428571429,-0.11721428571428572,0.26704285714285714,1.141142857142857,6.337142857142857,6.557142857142857,-0.5622285714285714,0.6894,42.4,0.866,0.5,0.6631,0.7485,331.62
2022-02-27,0.4927142857142857,0.22238571428571427,0.23127142857142857,0.36028571428571426,1.1912857142857143,6.355714285714286,6.9399999999999995,-0.4234142857142857,0.7783571428571429,7.39,0.866,0.5,0.7485,0.6631,264.1585714285714
2022-03-06,-0.9574285714285714,-0.1002,-0.15642857142857142,0.2887857142857143,1.2234285714285715,6.807142857142857,6.942857142857143,-0.6429571428571429,0.6861857142857143,45.4,0.9808571428571428,0.07142857142857142,0.823,0.5681,383.34999999999997
2022-03-13,0.5904285714285714,0.2425,0.19527142857142857,0.3525857142857142,1.179142857142857,6.095714285714286,6.904285714285714,-0.7606,0.5237428571428572,26.970000000000002,1.0,0.0,0.8855,0.4647,288.0385714285714
2022-03-20,0.04771428571428572,-0.11895714285714286,-0.12815714285714286,0.2447857142857143,1.2552857142857141,6.4471428571428575,6.95,-0.6365857142857143,0.7123857142857143,15.5,1.0,0.0,0.935,0.3546,272.23999999999995
2022-03-27,0.17042857142857143,0.28977142857142857,0.1607,0.3647,1.131714285714286,6.058571428571429,7.021428571428571,-0.6530142857142857,0.6501428571428571,10.61,1.0,0.0,0.9709,0.2393,276.0542857142857
2022-04-03,-0.46585714285714286,-0.1631142857142857,-0.1608,0.2679285714285714,0.9998571428571428,6.1571428571428575,5.921428571428572,-0.05532857142857143,0.04789999999999998,18.66,0.9425714285714285,-0.21428571428571427,0.9927,0.1205,299.25714285714287
2022-04-10,-0.05157142857142857,0.30732857142857145,0.11174285714285714,0.36537142857142857,0.7207142857142858,5.677142857142857,4.241428571428571,0.6505428571428571,-0.6843,6.68,0.866,-0.5,1.0,-0.0,306.49142857142857
2022-04-17,0.5667142857142857,-0.13775714285714286,-0.12754285714285715,0.2516714285714286,0.7264285714285714,5.8428571428571425,4.3428571428571425,0.6597142857142858,-0.5218142857142857,0.0,0.866,-0.5,0.9927,-0.1205,200.57285714285715
2022-04-24,-0.21614285714285714,0.3047571428571429,0.046657142857142855,0.3681142857142857,0.6881428571428572,5.28,3.88,0.6890999999999999,-0.5854285714285714,0.0,0.866,-0.5,0.9709,-0.2393,252.92428571428573
2022-05-01,0.028857142857142852,-0.10507142857142858,-0.06031428571428571,0.2452857142857143,0.681,5.771428571428571,3.9614285714285713,0.7073142857142857,-0.5446428571428571,27.63,0.8137142857142857,-0.5522857142857143,0.935,-0.3546,294.30428571428575
2022-05-08,-0.6634285714285715,0.2714,-0.010257142857142854,0.36675714285714284,0.7582857142857142,5.617142857142857,4.2871428571428565,0.5431714285714285,-0.7122857142857143,12.690000000000001,0.5,-0.866,0.8855,-0.4647,326.4157142857143
2022-05-15,1.0025714285714284,-0.08945714285714287,-0.04971428571428571,0.28518571428571426,0.72,5.387142857142857,4.041428571428571,0.7159714285714286,-0.552,10.52,0.5,-0.866,0.823,-0.5681,204.90714285714284
2022-05-22,-0.48600000000000004,0.1873,-0.1087142857142857,0.3422714285714286,0.7305714285714285,5.7057142857142855,4.0285714285714285,0.6334142857142856,-0.5457,46.84,0.5,-0.866,0.7485,-0.6631,359.2942857142857
2022-05-29,0.4281428571428571,-0.038,0.0298,0.2759,0.7155714285714285,5.405714285714287,4.101428571428571,0.7051428571428572,-0.6206142857142857,0.0,0.5,-0.866,0.6631,-0.7485,242.19142857142856
2022-06-05,-1.0094285714285713,0.09731428571428571,-0.1602714285714286,0.3368142857142857,0.7182857142857143,5.687142857142858,4.451428571428571,0.6552714285714286,-0.6775,4.6,0.14285714285714285,-0.9617142857142857,0.5681,-0.823,345.6842857142857
2022-06-12,1.1401428571428571,0.005185714285714286,0.048685714285714284,0.25671428571428573,0.7707142857142857,5.922857142857143,4.007142857142857,0.4913,-0.6798428571428572,27.05,0.0,-1.0,0.4647,-0.8855,243.39857142857142
2022-06-19,-0.4772857142857143,0.006071428571428569,-0.21414285714285716,0.33275714285714286,0.7217142857142858,5.771428571428571,4.525714285714286,0.6812857142857143,-0.6123571428571429,0.0,0.0,-1.0,0.3546,-0.935,336.14142857142855
2022-06-26,0.5348571428571428,0.055214285714285716,0.08452857142857143,0.2668857142857143,0.765,5.8500000000000005,3.8442857142857143,0.6668142857142857,-0.6403142857142857,1.59,0.0,-1.0,0.2393,-0.9709,265.88
2022-07-03,-1.0458571428571428,-0.10667142857142856,-0.24082857142857142,0.34891428571428573,0.7267142857142856,6.001428571428571,3.834285714285714,0.6209857142857143,-0.7592285714285715,0.0,-0.21428571428571427,-0.9425714285714285,0.1205,-0.9927,405.53428571428566
2022-07-10,0.8595714285714285,0.13410000000000002,0.1306,0.2949857142857143,0.7444285714285714,5.115714285714286,4.765714285714286,0.5023142857142857,-0.7555714285714286,7.68,-0.5,-0.866,-0.0,-1.0,306.1385714285715
2022-07-17,-0.19757142857142856,-0.19107142857142856,-0.2545857142857143,0.3656428571428571,0.7288571428571429,5.581428571428572,4.121428571428572,0.6456857142857143,-0.7247857142857143,0.0,-0.5,-0.866,-0.1205,-0.9927,368.4742857142857
2022-07-24,0.334,0.1489,0.13824285714285714,0.2813857142857143,0.6785714285714286,5.527142857142857,3.9699999999999998,0.6508285714285714,-0.7087142857142857,10.92,-0.5,-0.866,-0.2393,-0.9709,335.7742857142857
2022-07-31,-0.7682857142857143,-0.27572857142857143,-0.24132857142857142,0.3943714285714286,0.6928571428571428,5.828571428571428,4.444285714285714,0.6024285714285714,-0.6279428571428571,0.0,-0.5,-0.866,-0.3546,-0.935,413.4642857142857
2022-08-07,0.297,0.19205714285714287,0.10358571428571428,0.25324285714285716,0.7045714285714286,5.481428571428572,4.1242857142857146,0.7154285714285714,-0.5998285714285715,0.0,-0.866,-0.5,-0.4647,-0.8855,352.6328571428571
2022-08-14,0.30628571428571433,-0.28185714285714286,-0.19417142857142858,0.3641571428571429,0.6782857142857143,5.785714285714286,4.327142857142857,0.6198857142857143,-0.5678142857142857,0.0,-0.866,-0.5,-0.5681,-0.823,351.5371428571429
2022-08-21,0.018285714285714287,0.18014285714285713,0.07905714285714285,0.26615714285714287,0.6805714285714286,5.585714285714286,4.105714285714286,0.6949285714285713,-0.6292428571428571,1.98,-0.866,-0.5,-0.6631,-0.7485,377.3385714285714
2022-08-28,-0.2515714285714286,-0.2874,-0.15085714285714286,0.37170000000000003,0.6938571428571428,5.552857142857143,4.292857142857143,0.5829428571428571,-0.7567142857142857,0.0,-0.866,-0.5,-0.7485,-0.6631,409.11285714285714
2022-09-04,-0.3885714285714285,0.15304285714285712,0.04221428571428571,0.26515714285714287,0.7395714285714285,5.944285714285714,4.281428571428571,0.7812714285714285,-0.4961428571428571,0.0,-0.9425714285714285,-0.21428571428571427,-0.823,-0.5681,425.10857142857145
2022-09-11,0.7894285714285714,-0.27781428571428574,-0.07195714285714286,0.3563714285714286,0.7212857142857143,5.497142857142857,4.107142857142857,0.7176714285714285,-0.6537571428571428,22.14,-1.0,0.0,-0.8855,-0.4647,403.9185714285714
2022-09-18,-0.3764285714285714,0.11075714285714285,0.01049999999999999,0.26194285714285714,0.7545714285714286,5.248571428571429,4.2057142857142855,0.7691285714285714,-0.5960285714285715,0.64,-1.0,0.0,-0.935,-0.3546,410.77714285714285
2022-09-25,0.22571428571428573,-0.25542857142857145,-0.0008714285714285706,0.3647142857142857,0.6900000000000001,5.535714285714286,4.247142857142857,0.5793857142857143,-0.6783285714285715,0.02,-1.0,0.0,-0.9709,-0.2393,403.3528571428572
2022-10-02,-0.8561428571428571,0.06365714285714286,-0.046642857142857146,0.2823428571428571,0.7265714285714286,5.5685714285714285,4.474285714285714,0.7107285714285715,-0.6375142857142857,0.0,-0.9617142857142857,0.14285714285714285,-0.9927,-0.1205,461.44714285714286
2022-10-09,1.127,-0.16681428571428572,0.07837142857142856,0.3408142857142857,0.766,5.644285714285714,4.2785714285714285,0.7448142857142858,-0.5803857142857142,0.46,-0.866,0.5,-1.0,-0.0,335.78142857142853
2022-10-16,-0.5314285714285715,-0.010499999999999994,-0.07645714285714286,0.2769142857142857,0.7487142857142857,5.502857142857144,4.377142857142857,0.6403857142857142,-0.6951714285714286,0.23,-0.866,0.5,-0.9927,0.1205,449.54
2022-10-23,0.5365714285714286,-0.07267142857142858,0.14904285714285712,0.31865714285714286,0.7292857142857143,5.945714285714286,4.168571428571428,0.7745571428571428,-0.5651857142857143,6.8,-0.866,0.5,-0.9709,0.2393,378.1542857142857
2022-10-30,-1.1172857142857142,-0.10907142857142857,-0.12632857142857143,0.2963857142857143,0.7192857142857143,5.594285714285713,4.357142857142857,0.6529285714285714,-0.6734857142857144,18.34,-0.866,0.5,-0.935,0.3546,488.82
2022-11-06,1.0447142857142857,-0.011557142857142853,0.19994285714285714,0.3169,1.1052857142857142,6.524285714285715,6.5842857142857145,-0.4613714285714286,0.6875428571428571,14.36,-0.5522857142857143,0.8137142857142857,-0.8855,0.4647,389.44714285714286
2022-11-13,-0.394,-0.14922857142857143,-0.1368714285714286,0.28622857142857144,1.1907142857142858,6.451428571428571,7.088571428571428,-0.6212,0.7256285714285714,28.35,-0.5,0.866,-0.823,0.5681,445.2085714285714
2022-11-20,0.5021428571428571,0.07417142857142857,0.2366714285714286,0.3373714285714286,1.214142857142857,6.125714285714286,6.692857142857143,-0.6584142857142857,0.5931571428571428,30.88,-0.5,0.866,-0.7485,0.6631,417.1385714285715
2022-11-27,-0.9817142857142857,-0.21434285714285714,-0.1394142857142857,0.28368571428571426,1.1755714285714285,6.168571428571428,6.658571428571428,-0.6554,0.7001714285714284,11.44,-0.5,0.866,-0.6631,0.7485,447.2
2022-12-04,0.6132857142857143,0.16308571428571428,0.2537142857142857,0.3407857142857143,1.146857142857143,6.55,7.158571428571428,-0.5353857142857142,0.7045571428571428,20.57,-0.21428571428571427,0.9425714285714285,-0.5681,0.823,415.18
2022-12-11,0.01014285714285712,-0.2276142857142857,-0.11831428571428572,0.2956714285714286,1.1702857142857144,6.081428571428572,7.18,-0.7845142857142857,0.4855571428571429,6.21,0.0,1.0,-0.4647,0.8855,365.54714285714283
2022-12-18,0.19357142857142856,0.1977,0.20915714285714285,0.31701428571428575,1.214,6.431428571428571,6.795714285714285,-0.6555428571428571,0.7083571428571428,41.93,0.0,1.0,-0.3546,0.935,407.85571428571427
2022-12-25,-0.5211428571428571,-0.2435,-0.10071428571428571,0.30624285714285715,1.2129999999999999,6.275714285714286,6.811428571428571,-0.7109714285714286,0.6147714285714285,30.169999999999998,0.0,1.0,-0.2393,0.9709,430.19571428571425
2023-01-01,0.018714285714285715,0.22982857142857144,0.17697142857142856,0.31752857142857144,1.2029999999999998,6.662857142857143,6.9557142857142855,-0.8508142857142857,0.4545142857142857,28.77,0.07142857142857142,0.9808571428571428,-0.1205,0.9927,369.4542857142857
2023-01-08,0.5295714285714286,-0.23495714285714286,-0.060871428571428576,0.3125142857142857,1.1422857142857143,5.95,6.722857142857143,-0.49711428571428573,0.7174857142857143,7.79,0.5,0.866,0.0,1.0,301.8757142857143
2023-01-15,-0.18357142857142858,0.2172285714285714,0.13734285714285716,0.3119142857142857,1.152,6.352857142857142,6.965714285714285,-0.7436142857142858,0.5730285714285716,18.09,0.5,0.866,0.1205,0.9927,355.7142857142857
2023-01-22,0.009000000000000024,-0.18715714285714286,0.005657142857142856,0.2958571428571429,1.2249999999999999,6.485714285714286,6.855714285714285,-0.7106,0.6552,9.66,0.5,0.866,0.2393,0.9709,306.9357142857143
2023-01-29,-0.5845714285714286,0.2585,0.0639,0.34562857142857145,1.1544285714285714,6.371428571428572,6.7871428571428565,-0.5711999999999999,0.7245285714285714,17.05,0.5,0.866,0.3546,0.935,377.2057142857143
2023-02-05,0.9592857142857143,-0.11767142857142857,0.05021428571428572,0.29315714285714284,1.2591428571428571,6.211428571428571,7.207142857142857,-0.6688142857142857,0.7114571428571429,38.05,0.7614285714285715,0.6045714285714286,0.4647,0.8855,283.02285714285716
2023-02-12,-0.45371428571428574,0.1871,0.0267,0.32154285714285713,1.1905714285714286,6.878571428571428,6.631428571428572,-0.6590571428571428,0.6821571428571429,36.8,0.866,0.5,0.5681,0.823,382.96285714285716
2023-02-19,0.4004285714285714,-0.06014285714285715,0.11547142857142857,0.28940000000000005,1.179857142857143,6.4314285714285715,6.741428571428571,-0.5881428571428572,0.6479714285714285,25.689999999999998,0.866,0.5,0.6631,0.7485,292.0042857142857
2023-02-26,-1.0687142857142857,0.1001857142857143,-0.05614285714285715,0.2937285714285714,1.237142857142857,6.747142857142857,6.93,-0.7388,0.6124571428571429,70.77,0.866,0.5,0.7485,0.6631,387.8157142857143
2023-03-05,1.135142857142857,0.05454285714285715,0.14752857142857145,0.3028142857142857,1.179142857142857,6.371428571428572,6.5371428571428565,-0.6857142857142857,0.6442428571428571,27.970000000000002,0.9617142857142857,0.14285714285714285,0.823,0.5681,255.18714285714285
2023-03-12,-0.49814285714285716,0.07561428571428572,-0.13747142857142855,0.3186,1.1661428571428571,6.328571428571428,6.922857142857143,-0.5671,0.7342714285714286,0.92,1.0,0.0,0.8855,0.4647,295.3457142857143
2023-03-19,0.5554285714285714,0.1408,0.17911428571428573,0.3322857142857143,1.2824285714285715,6.725714285714285,7.105714285714286,-0.39861428571428575,0.8065857142857142,15.46,1.0,0.0,0.935,0.3546,242.20714285714286
2023-03-26,-1.124,0.01404285714285715,-0.15552857142857143,0.29815714285714284,1.2184285714285714,6.5,6.994285714285715,-0.5153857142857143,0.8160571428571428,17.36,1.0,0.0,0.9709,0.2393,348.81857142857143
2023-04-02,0.8868571428571429,0.2054857142857143,0.1883857142857143,0.3442,1.050857142857143,6.675714285714286,6.3100000000000005,-0.36391428571428575,0.28964285714285715,5.91,0.9617142857142857,-0.14285714285714285,0.9927,0.1205,227.46571428571428
2023-04-09,-0.26371428571428573,-0.09554285714285715,-0.1931,0.299,0.6775714285714286,5.738571428571428,4.085714285714286,0.7290142857142856,-0.6413857142857143,10.98,0.866,-0.5,1.0,-0.0,293.3742857142857
2023-04-16,0.39385714285714285,0.27758571428571427,0.1844857142857143,0.35862857142857146,0.697,5.727142857142858,4.208571428571429,0.6635285714285715,-0.7026285714285715,0.0,0.866,-0.5,0.9927,-0.1205,252.45714285714286
2023-04-23,-0.8192857142857142,-0.1346,-0.21365714285714285,0.30738571428571426,0.7041428571428572,5.4157142857142855,4.41,0.4976142857142857,-0.6194714285714286,0.0,0.866,-0.5,0.9709,-0.2393,323.65857142857146
2023-04-30,0.37100000000000005,0.28921428571428576,0.15248571428571428,0.3504285714285714,0.7395714285714285,5.422857142857143,4.111428571428571,0.6931571428571429,-0.5113857142857142,2.13,0.866,-0.5,0.935,-0.3546,247.11999999999998
2023-05-07,0.25057142857142856,-0.18802857142857143,-0.17647142857142858,0.29145714285714286,0.7834285714285715,5.725714285714285,4.578571428571428,0.7064571428571428,-0.6334428571428571,1.16,0.5,-0.866,0.8855,-0.4647,262.0
2023-05-14,0.04571428571428572,0.30522857142857146,0.11437142857142857,0.3653571428571429,0.7058571428571428,5.6499999999999995,4.072857142857143,0.6125857142857143,-0.7032428571428572,7.45,0.5,-0.866,0.823,-0.5681,298.39
2023-05-21,-0.2862857142857143,-0.18364285714285714,-0.17412857142857144,0.3059857142857143,0.6529999999999999,5.71,3.8314285714285714,0.7031714285714286,-0.6575285714285714,8.25,0.5,-0.866,0.7485,-0.6631,292.69
2023-05-28,-0.2937142857142857,0.29441428571428574,0.04862857142857143,0.35587142857142856,0.7122857142857143,5.551428571428572,4.071428571428571,0.6279571428571428,-0.588,8.64,0.5,-0.866,0.6631,-0.7485,312.2371428571428
2023-06-04,0.7285714285714285,-0.13712857142857143,-0.11431428571428572,0.2633142857142857,0.709,5.662857142857143,4.1499999999999995,0.7749571428571428,-0.591757142857143,0.0,0.21428571428571427,-0.9425714285714285,0.5681,-0.823,225.6357142857143
2023-06-11,-0.33428571428571424,0.2311,-0.030571428571428565,0.3434857142857143,0.7174285714285714,6.088571428571428,4.37,0.7300142857142857,-0.5079428571428571,0.0,0.0,-1.0,0.4647,-0.8855,328.1385714285715
2023-06-18,0.18771428571428572,-0.13694285714285714,-0.07042857142857142,0.2695571428571429,0.6904285714285715,5.2128571428571435,3.892857142857143,0.6094714285714286,-0.6432857142857143,4.08,0.0,-1.0,0.3546,-0.935,295.11
2023-06-25,-0.8440000000000001,0.1768,-0.0884,0.34167142857142857,0.7168571428571429,5.704285714285715,4.185714285714286,0.6768571428571429,-0.6596428571428571,19.47,0.0,-1.0,0.2393,-0.9709,417.3671428571429
2023-07-02,1.0935714285714286,-0.08154285714285714,0.006157142857142861,0.2735714285714286,0.7852857142857143,5.771428571428571,3.987142857142857,0.6189714285714285,-0.6894999999999999,16.71,-0.14285714285714285,-0.9617142857142857,0.1205,-0.9927,249.24714285714285
2023-07-09,-0.5351428571428571,0.08028571428571428,-0.1662714285714286,0.35045714285714286,0.7171428571428571,5.355714285714286,4.16,0.5284142857142857,-0.7402285714285713,8.620000000000001,-0.5,-0.866,-0.0,-1.0,384.6657142857143
2023-07-16,0.48057142857142854,-0.06201428571428572,0.033400000000000006,0.27968571428571426,0.7038571428571428,5.768571428571429,4.125714285714286,0.5516428571428571,-0.7204142857142858,2.22,-0.5,-0.866,-0.1205,-0.9927,314.2357142857143
2023-07-23,-1.0887142857142857,-0.019342857142857155,-0.21925714285714284,0.33394285714285715,0.7228571428571428,5.494285714285715,4.121428571428571,0.6768142857142857,-0.6216142857142858,14.6,-0.5,-0.866,-0.2393,-0.9709,441.50857142857143
2023-07-30,1.0485714285714285,0.010285714285714287,0.10727142857142857,0.27364285714285713,0.8228571428571428,5.927142857142857,4.154285714285714,0.6035,-0.7260714285714285,1.51,-0.5,-0.866,-0.3546,-0.935,277.7157142857143
2023-08-06,-0.39085714285714285,-0.12285714285714286,-0.2360142857142857,0.3423428571428571,0.6792857142857143,5.547142857142857,4.438571428571429,0.6510571428571428,-0.7371857142857143,4.54,-0.8137142857142857,-0.5522857142857143,-0.4647,-0.8855,389.7628571428572
2023-08-13,0.47214285714285714,0.0468,0.14252857142857142,0.26661428571428575,0.7314285714285714,5.434285714285714,3.9099999999999997,0.8011857142857143,-0.4890285714285714,22.11,-0.866,-0.5,-0.5681,-0.823,367.31
2023-08-20,-1.0125714285714287,-0.2161714285714286,-0.22934285714285713,0.3451714285714286,0.72,5.6899999999999995,4.494285714285715,0.6029714285714285,-0.6419142857142857,4.26,-0.866,-0.5,-0.6631,-0.7485,466.77714285714285
2023-08-27,0.7060000000000001,0.0993142857142857,0.14207142857142857,0.2441142857142857,0.6465714285714286,5.314285714285715,4.04,0.7610714285714285,-0.6062285714285714,38.25,-0.866,-0.5,-0.7485,-0.6631,351.9042857142857
2023-09-03,-0.04457142857142855,-0.29122857142857145,-0.20211428571428572,0.3815571428571429,0.7495714285714286,5.572857142857143,4.2942857142857145,0.6936714285714285,-0.6265142857142857,18.33,-0.9234285714285715,-0.2857142857142857,-0.823,-0.5681,435.2
2023-09-10,0.21771428571428572,0.1568142857142857,0.15802857142857143,0.27375714285714287,0.6782857142857143,5.732857142857143,4.032857142857143,0.5298857142857143,-0.7134714285714285,0.0,-1.0,0.0,-0.8855,-0.4647,397.7257142857143
2023-09-17,-0.6297142857142857,-0.32358571428571425,-0.18328571428571427,0.39822857142857143,0.7338571428571429,5.78,4.327142857142857,0.7027142857142857,-0.5760142857142857,8.12,-1.0,0.0,-0.935,-0.3546,475.88142857142856
2023-09-24,0.06357142857142854,0.18724285714285713,0.10858571428571429,0.26125714285714285,0.6950000000000001,5.5042857142857144,4.307142857142857,0.6604142857142856,-0.5691142857142857,1.45,-1.0,0.0,-0.9709,-0.2393,421.1471428571428
2023-10-01,0.4714285714285714,-0.32142857142857145,-0.12735714285714286,0.38052857142857144,0.687857142857143,5.67,4.21,0.7599571428571429,-0.5025428571428571,17.13,-0.9808571428571428,0.07142857142857142,-0.9927,-0.1205,415.0285714285714
2023-10-08,-0.16071428571428573,0.15237142857142857,0.11019999999999999,0.25144285714285713,0.7138571428571429,5.778571428571429,4.031428571428571,0.562,-0.7324428571428572,0.6000000000000001,-0.866,0.5,-1.0,-0.0,420.6242857142857
2023-10-15,-0.040000000000000036,-0.26667142857142856,-0.062,0.34249999999999997,0.6691428571428572,5.591428571428572,4.414285714285714,0.7297857142857144,-0.6404857142857142,0.0,-0.866,0.5,-0.9927,0.1205,430.61857142857144
2023-10-22,-0.5411428571428571,0.1064857142857143,0.03135714285714286,0.2576714285714286,0.7158571428571429,5.664285714285714,4.091428571428572,0.5823714285714285,-0.6552571428571429,6.66,-0.866,0.5,-0.9709,0.2393,421.6414285714286
2023-10-29,0.9264285714285715,-0.2604142857142857,0.0059999999999999975,0.34894285714285717,0.6901428571428572,5.43,4.04,0.826,-0.39858571428571427,13.93,-0.866,0.5,-0.935,0.3546,381.7142857142857
2023-11-05,-0.43928571428571433,0.07881428571428571,0.0006285714285714228,0.27308571428571426,1.0562857142857143,6.327142857142857,6.258571428571429,-0.32152857142857144,0.17008571428571426,6.99,-0.6045714285714286,0.7614285714285715,-0.8855,0.4647,451.7442857142857
2023-11-12,0.3655714285714286,-0.18372857142857144,0.09538571428571428,0.34954285714285716,1.1651428571428573,6.582857142857143,6.954285714285715,-0.6947,0.6378142857142857,11.43,-0.5,0.866,-0.823,0.5681,406.4557142857143
2023-11-19,-0.9708571428571429,0.012928571428571425,-0.03017142857142857,0.25927142857142854,1.1940000000000002,6.2371428571428575,6.921428571428571,-0.8472999999999999,0.45394285714285715,20.92,-0.5,0.866,-0.7485,0.6631,490.54714285714283
2023-11-26,1.0964285714285713,-0.12710000000000002,0.1502142857142857,0.35127142857142857,1.2590000000000001,6.232857142857143,7.195714285714286,-0.6688142857142857,0.6198571428571429,44.629999999999995,-0.5,0.866,-0.6631,0.7485,365.67999999999995
2023-12-03,-0.5018571428571429,-0.058242857142857145,-0.07768571428571429,0.29505714285714285,1.1915714285714287,6.704285714285715,6.828571428571428,-0.6546714285714286,0.5829000000000001,17.55,-0.2857142857142857,0.9234285714285715,-0.5681,0.823,439.36428571428576
2023-12-10,0.5481428571428572,0.0267,0.1861,0.29032857142857144,1.2184285714285714,6.902857142857143,6.771428571428571,-0.5653571428571429,0.7514142857142857,54.53,0.0,1.0,-0.4647,0.8855,362.1657142857143
2023-12-17,-1.1004285714285715,-0.10805714285714285,-0.1135142857142857,0.2777142857142857,1.2721428571428572,6.384285714285714,6.845714285714286,-0.5339714285714285,0.7596857142857143,20.99,0.0,1.0,-0.3546,0.935,467.14285714285717
2023-12-24,0.973,0.08940000000000001,0.2530142857142857,0.3384714285714286,1.1547142857142858,6.392857142857143,6.791428571428571,-0.4739,0.649,19.099999999999998,0.0,1.0,-0.2393,0.9709,319.3957142857143
2023-12-31,0.588,-0.3509,-0.11095,0.37015,1.2535,6.6850000000000005,7.185,-0.84855,0.5144,2.96,0.0,1.0,-0.1205,0.9927,374.03
